{
  "circle": {
    "0": {
      "type": "nurbsCurve",
      "knots": [
        -2.0,
        -1.0,
        0.0,
        1.0,
        2.0,
        3.0,
        4.0,
        5.0,
        6.0,
        7.0,
        8.0,
        9.0,
        10.0
      ],
      "form": 2,
      "degree": 3,
      "spans": 8,
      "cps": [
        [
          0.3918058124456125,
          0,
          -0.3918058124456119
        ],
        [
          0,
          0,
          -0.554097093777194
        ],
        [
          -0.39180581244561213,
          0,
          -0.39180581244561213
        ],
        [
          -0.554097093777194,
          0,
          0
        ],
        [
          -0.39180581244561224,
          0,
          0.391805812445612
        ],
        [
          0,
          0,
          0.5540970937771941
        ],
        [
          0.3918058124456119,
          0,
          0.3918058124456122
        ],
        [
          0.554097093777194,
          0,
          0
        ],
        [
          0.554097093777194,
          0,
          0
        ],
        [
          0.554097093777194,
          0,
          0
        ],
        [
          0.554097093777194,
          0,
          0
        ]
      ],
      "shape_type": "nurbsCurve"
    }
  },
  "square": {
    "0": {
      "type": "nurbsCurve",
      "knots": [
        0.0,
        1.0,
        2.0,
        3.0,
        4.0
      ],
      "form": 2,
      "degree": 1,
      "spans": 4,
      "cps": [
        [
          -0.5,
          0.0,
          0.5
        ],
        [
          -0.5,
          0.0,
          -0.5
        ],
        [
          0.5,
          0.0,
          -0.5
        ],
        [
          0.5,
          0.0,
          0.5
        ],
        [
          0.5,
          0.0,
          0.5
        ]
      ],
      "shape_type": "nurbsCurve"
    }
  },
  "sphere": {
    "0": {
      "type": "nurbsCurve",
      "knots": [
        -2.0,
        -1.0,
        0.0,
        1.0,
        2.0,
        3.0,
        4.0,
        5.0,
        6.0,
        7.0,
        8.0,
        9.0,
        10.0
      ],
      "form": 2,
      "degree": 3,
      "spans": 8,
      "cps": [
        [
          0.3918058124456125,
          0,
          -0.3918058124456119
        ],
        [
          0,
          0,
          -0.554097093777194
        ],
        [
          -0.39180581244561213,
          0,
          -0.39180581244561213
        ],
        [
          -0.554097093777194,
          0,
          0
        ],
        [
          -0.39180581244561224,
          0,
          0.391805812445612
        ],
        [
          0,
          0,
          0.5540970937771941
        ],
        [
          0.3918058124456119,
          0,
          0.3918058124456122
        ],
        [
          0.554097093777194,
          0,
          0
        ],
        [
          0.554097093777194,
          0,
          0
        ],
        [
          0.554097093777194,
          0,
          0
        ],
        [
          0.554097093777194,
          0,
          0
        ]
      ]
    },
    "1": {
      "type": "nurbsCurve",
      "knots": [
        -2.0,
        -1.0,
        0.0,
        1.0,
        2.0,
        3.0,
        4.0,
        5.0,
        6.0,
        7.0,
        8.0,
        9.0,
        10.0
      ],
      "form": 2,
      "degree": 3,
      "spans": 8,
      "cps": [
        [
          0,
          0.3918058124456125,
          -0.3918058124456119
        ],
        [
          0,
          0,
          -0.554097093777194
        ],
        [
          0,
          -0.39180581244561213,
          -0.39180581244561213
        ],
        [
          0,
          -0.554097093777194,
          0
        ],
        [
          0,
          -0.39180581244561224,
          0.391805812445612
        ],
        [
          0,
          0,
          0.5540970937771941
        ],
        [
          0,
          0.3918058124456119,
          0.3918058124456122
        ],
        [
          0,
          0.554097093777194,
          0
        ],
        [
          0,
          0.554097093777194,
          0
        ],
        [
          0,
          0.554097093777194,
          0
        ],
        [
          0,
          0.554097093777194,
          0
        ]
      ]
    },
    "2": {
      "type": "nurbsCurve",
      "knots": [
        -2.0,
        -1.0,
        0.0,
        1.0,
        2.0,
        3.0,
        4.0,
        5.0,
        6.0,
        7.0,
        8.0,
        9.0,
        10.0
      ],
      "form": 2,
      "degree": 3,
      "spans": 8,
      "cps": [
        [
          -0.3918058124456123,
          0.3918058124456124,
          0
        ],
        [
          -0.5540970937771941,
          0,
          0
        ],
        [
          -0.39180581244561197,
          -0.39180581244561247,
          0
        ],
        [
          0,
          -0.5540970937771941,
          0
        ],
        [
          0.3918058124456124,
          -0.39180581244561213,
          0
        ],
        [
          0.5540970937771942,
          0,
          0
        ],
        [
          0.391805812445612,
          0.39180581244561224,
          0
        ],
        [
          0,
          0.5540970937771941,
          0
        ],
        [
          0,
          0.5540970937771941,
          0
        ],
        [
          0,
          0.5540970937771941,
          0
        ],
        [
          0,
          0.5540970937771941,
          0
        ]
      ]
    }
  },
  "cube": {
    "0": {
      "knots": [
        0.0,
        1.0,
        2.0,
        3.0,
        4.0,
        5.0,
        6.0,
        7.0,
        8.0,
        9.0,
        10.0,
        11.0,
        12.0,
        13.0,
        14.0,
        15.0
      ],
      "degree": 1,
      "form": 0,
      "shape_type": "nurbsCurve",
      "spans": 15,
      "cps": [
        [
          0.5,
          -0.5,
          -0.5
        ],
        [
          -0.5,
          -0.5,
          -0.5
        ],
        [
          -0.5,
          -0.5,
          0.5
        ],
        [
          0.5,
          -0.5,
          0.5
        ],
        [
          0.5,
          0.5,
          0.5
        ],
        [
          -0.5,
          0.5,
          0.5
        ],
        [
          -0.5,
          0.5,
          -0.5
        ],
        [
          0.5,
          0.5,
          -0.5
        ],
        [
          0.5,
          0.5,
          0.5
        ],
        [
          0.5,
          -0.5,
          0.5
        ],
        [
          0.5,
          -0.5,
          -0.5
        ],
        [
          0.5,
          0.5,
          -0.5
        ],
        [
          -0.5,
          0.5,
          -0.5
        ],
        [
          -0.5,
          -0.5,
          -0.5
        ],
        [
          -0.5,
          -0.5,
          0.5
        ],
        [
          -0.5,
          0.5,
          0.5
        ]
      ]
    }
  }
}
